IP Address,Login Source,Login Date & Time
2001:2d8:201a:6fa4:5d9f:c0c4:2a17:943,Mobile,"Nov 16, 2023, 10:31:17 AM"
2001:2d8:201a:6fa4:5d9f:c0c4:2a17:943,Web,"Nov 16, 2023, 10:35:10 AM"
2a04:9dc0:20:1::2,Web,"Jan 21, 2024, 4:49:31 AM"
2001:2d8:ee53:274b::41e:cbe6,Web,"Jan 28, 2024, 8:00:05 AM"
2001:2d8:f009:723b::dcb8:9be6,Web,"Feb 8, 2024, 9:59:43 AM"
2a04:9dc0:20:1::2,Web,"Feb 14, 2024, 12:02:32 AM"
2001:2d8:2006:c3d7::5cc9:9be6,Web,"Jun 8, 2024, 2:44:35 PM"
2a04:9dc0:20:1::2,Web,"Jun 9, 2024, 12:47:47 PM"
2a04:9dc0:20:1::2,Web,"Jun 15, 2024, 3:22:58 AM"
2a04:9dc0:20:1::2,Web,"Jun 15, 2024, 3:22:58 AM"
175.117.21.152,Web,"Jun 17, 2024, 8:55:28 PM"
79.110.55.50,Web,"Jun 28, 2024, 2:58:20 AM"
2001:2d8:f0a5:5a12::59b0:dfe6,Web,"Jul 6, 2024, 2:06:07 AM"
2001:2d8:2217:b3a6::5939:b7e6,Web,"Jul 21, 2024, 9:25:34 AM"
2001:2d8:2090:d858::5961:3e6,Web,"Jul 25, 2024, 2:21:10 PM"
2001:2d8:6929:9d48:5383:47ba:b95a:6a89,Mobile,"Aug 15, 2024, 2:57:32 AM"
2001:2d8:6929:9d48:5383:47ba:b95a:6a89,Web,"Aug 15, 2024, 6:42:30 AM"
2001:2d8:f21d:b7e9::3552:e7e6,Web,"Sep 7, 2024, 3:07:25 AM"
175.117.21.152,Web,"Oct 3, 2024, 2:10:01 AM"
2001:2d8:723c:4113:c076:4e04:4d58:ea89,Web,"Oct 5, 2024, 3:28:46 AM"
2001:2d8:722e:72c7:c910:f383:4fbd:1606,Web,"Oct 6, 2024, 7:00:19 AM"
2001:2d8:2124:4475::51f6:23e6,Web,"Oct 25, 2024, 10:07:49 AM"
2001:2d8:21a1:9515::51a1:8fe6,Web,"Nov 1, 2024, 8:02:43 AM"
2001:2d8:21a4:4025::51b1:67e6,Web,"Nov 4, 2024, 1:04:24 AM"
175.117.21.152,Web,"Nov 10, 2024, 2:01:24 PM"
2001:2d8:209d:37f3::5961:afe6,Web,"Nov 19, 2024, 1:21:39 AM"
2001:2d8:221f:b75a::596e:9be6,Web,"Nov 20, 2024, 10:13:51 PM"
2001:2d8:2213:36f3::591a:17e6,Web,"Nov 24, 2024, 11:34:45 PM"
2001:2d8:f22f:c752::5988:9be6,Web,"Nov 27, 2024, 11:58:57 PM"
2001:2d8:f1a9:3267::5982:afe6,Web,"Dec 15, 2024, 4:43:33 AM"
2001:2d8:f0a1:ccfd::59df:d7e6,Web,"Dec 17, 2024, 1:19:58 AM"
2001:2d8:f1b7:f981::1584:57e6,Web,"Dec 30, 2024, 12:29:39 AM"
175.117.21.152,Web,"Jan 1, 2025, 12:30:35 PM"
175.117.21.152,Web,"Jan 4, 2025, 7:54:30 AM"
2001:2d8:f132:a9e::1587:4fe6,Web,"Jan 4, 2025, 10:37:53 AM"
175.117.21.152,Web,"Jan 4, 2025, 11:17:20 AM"
2001:2d8:2025:24b6::51fc:efe6,Web,"Jan 9, 2025, 6:45:37 AM"
2001:2d8:2227:2c94::51fe:1be6,Web,"Jan 12, 2025, 8:26:52 AM"
2001:2d8:f1ba:e4f2::158c:3be6,Web,"Jan 13, 2025, 2:16:53 AM"
2001:2d8:f23b:869e::1589:53e6,Web,"Jan 15, 2025, 10:38:47 PM"
2001:2d8:f225:d168::59a0:bfe6,Web,"Jan 25, 2025, 11:50:05 AM"
175.117.21.152,Web,"Feb 1, 2025, 11:32:16 AM"
2001:2d8:2210:500e::597b:dfe6,Web,"Feb 3, 2025, 12:15:43 AM"
2001:2d8:2095:42e1:c973:fa88:cd48:93d2,Mobile,"Feb 4, 2025, 11:31:55 PM"
2001:2d8:2095:42e1:c973:fa88:cd48:93d2,Web,"Feb 5, 2025, 12:21:06 AM"
2001:2d8:2193:ade3:8032:3953:f86b:e83b,Web,"Feb 6, 2025, 3:37:47 AM"
175.117.21.152,Web,"Feb 8, 2025, 11:34:01 AM"
2001:2d8:221c:8bcf:5506:634e:8f1d:7d6b,Web,"Feb 9, 2025, 1:09:36 PM"
2001:2d8:219c:5e1c:59df:330b:55aa:ce6d,Web,"Feb 12, 2025, 4:25:30 AM"
2a04:9dc0:20:1::2,Web,"Feb 14, 2025, 9:12:10 AM"
2001:2d8:221c:929f:bd1f:2258:1fa7:6e06,Web,"Feb 16, 2025, 11:30:42 PM"
2001:2d8:722c:93bd:694c:98d8:e21:f1e4,Web,"Feb 17, 2025, 12:30:48 AM"
2a04:9dc0:20:1::2,Web,"Feb 18, 2025, 1:40:08 AM"
2001:2d8:2003:4802:2c2e:13fc:e344:d49e,Web,"Feb 21, 2025, 10:29:06 AM"
2001:2d8:2003:4802:2c2e:13fc:e344:d49e,Web,"Feb 22, 2025, 4:50:47 AM"
175.117.21.152,Web,"Feb 23, 2025, 7:16:18 AM"
2a04:9dc0:20:1::2,Web,"Mar 10, 2025, 6:16:28 AM"
2001:2d8:720b:86e3:b42b:5114:3f5e:c8f2,Web,"Mar 11, 2025, 12:41:02 AM"
2001:2d8:210c:6700:d411:bc6b:5d53:468f,Web,"Mar 14, 2025, 2:53:57 AM"
2001:2d8:f0a4:a470:1cad:b770:738f:11c5,Web,"Mar 14, 2025, 4:00:43 AM"
175.117.21.152,Web,"Mar 15, 2025, 4:53:04 PM"
175.117.21.152,Web,"Mar 19, 2025, 3:08:00 PM"
175.117.21.152,Web,"Mar 20, 2025, 12:39:14 PM"
2001:2d8:f138:2d58:3d36:dfbf:a9f9:cdd4,Web,"Mar 24, 2025, 12:08:07 AM"
2001:2d8:72a7:3bfd:140f:5dc1:a63f:a408,Web,"Mar 28, 2025, 2:23:18 AM"
2001:2d8:f08a:aa5e:68c7:75cb:e83f:5802,Web,"Apr 15, 2025, 10:51:57 PM"
175.117.21.152,Web,"Apr 18, 2025, 2:21:14 PM"
2001:2d8:212a:7f7a:894f:a95c:fa0:8085,Web,"Apr 21, 2025, 1:16:39 AM"
2001:2d8:f19e:1eb4:460:d88f:7bb6:bbef,Web,"May 1, 2025, 12:35:08 PM"
175.117.21.152,Web,"May 5, 2025, 1:39:39 PM"
2001:2d8:70b6:7060:1d99:7ac4:e617:c363,Web,"May 7, 2025, 6:02:44 AM"
112.157.212.48,Mobile,"Aug 27, 2025, 10:43:30 AM"
2001:4430:c10d:e4ae:e563:5ac8:93c5:a22d,Web,"Aug 28, 2025, 4:02:10 AM"
2001:4430:c259:763c:9ce9:c02e:b007:528b,Web,"Nov 25, 2025, 10:35:08 AM"
112.157.212.48,Web,"Dec 14, 2025, 10:35:12 AM"
112.157.212.48,Web,"Mar 7, 2026, 11:02:24 AM"
112.157.212.48,Web,"Mar 20, 2026, 1:27:40 PM"
112.157.212.48,Web,"Mar 21, 2026, 9:26:51 AM"
112.157.212.48,Web,"Mar 21, 2026, 1:29:59 PM"
